{"nm":"Comp 2","ddd":0,"h":250,"w":250,"meta":{"g":"LottieFiles AE 2.0.4"},"layers":[{"ty":0,"nm":"Comp 1","sr":1,"st":0,"op":320,"ip":0,"hd":false,"ddd":0,"bm":0,"hasMask":true,"ao":0,"ks":{"a":{"a":0,"k":[100,100,0],"ix":1},"s":{"a":0,"k":[100,100,100],"ix":6},"sk":{"a":0,"k":0},"p":{"a":1,"k":[{"o":{"x":0.333,"y":0},"i":{"x":0.667,"y":1},"s":[97,113.157,0],"t":8,"ti":[-1.375,-3.945,0],"to":[9.5,-0.776,0]},{"o":{"x":0.333,"y":0},"i":{"x":0.667,"y":1},"s":[154,108.5,0],"t":34,"ti":[-2.542,-3.109,0],"to":[1.375,3.945,0]},{"o":{"x":0.333,"y":0},"i":{"x":0.667,"y":1},"s":[105.25,136.828,0],"t":58,"ti":[-3.304,-5.612,0],"to":[2.542,3.109,0]},{"o":{"x":0.333,"y":0},"i":{"x":0.667,"y":1},"s":[169.25,127.157,0],"t":78,"ti":[17.432,-8.886,0],"to":[2.63,4.468,0]},{"s":[122.448,161,0],"t":96}],"ix":2},"r":{"a":0,"k":0,"ix":10},"sa":{"a":0,"k":0},"o":{"a":1,"k":[{"o":{"x":0.333,"y":0},"i":{"x":0.667,"y":1},"s":[0],"t":0},{"o":{"x":0.333,"y":0},"i":{"x":0.667,"y":1},"s":[100],"t":16},{"o":{"x":0.333,"y":0},"i":{"x":0.667,"y":1},"s":[100],"t":107},{"s":[0],"t":127}],"ix":11}},"ef":[],"masksProperties":[{"nm":"Mask 1","inv":false,"mode":"n","x":{"a":0,"k":0,"ix":4},"o":{"a":0,"k":100,"ix":3},"pt":{"a":0,"k":{"c":false,"i":[[0,0]],"o":[[0,0]],"v":[[66.653,99.85]]},"ix":1}}],"w":200,"h":200,"refId":"comp_0","ind":1},{"ty":4,"nm":"Shape Layer 1","sr":1,"st":0,"op":320,"ip":0,"hd":false,"ddd":0,"bm":0,"hasMask":false,"ao":0,"ks":{"a":{"a":0,"k":[0,0,0],"ix":1},"s":{"a":0,"k":[100,100,100],"ix":6},"sk":{"a":0,"k":0},"p":{"a":0,"k":[129.25,98.25,0],"ix":2},"r":{"a":0,"k":0,"ix":10},"sa":{"a":0,"k":0},"o":{"a":1,"k":[{"o":{"x":0.333,"y":0},"i":{"x":0.667,"y":1},"s":[0],"t":6},{"o":{"x":0.333,"y":0},"i":{"x":0.667,"y":1},"s":[100],"t":10},{"o":{"x":0.333,"y":0},"i":{"x":0.667,"y":1},"s":[100],"t":112},{"s":[0],"t":128}],"ix":11}},"ef":[],"shapes":[{"ty":"gr","bm":0,"hd":false,"mn":"ADBE Vector Group","nm":"Shape 1","ix":1,"cix":2,"np":4,"it":[{"ty":"sh","bm":0,"hd":false,"mn":"ADBE Vector Shape - Group","nm":"Path 1","ix":1,"d":1,"ks":{"a":0,"k":{"c":false,"i":[[0,0],[-6,-14],[9.75,-3.75],[-1.75,-4.5],[-8.5,2.75],[-1.512,-3.432],[4.25,-2]],"o":[[0,0],[2.908,6.786],[-9.75,3.75],[1.75,4.5],[8.5,-2.75],[6.5,14.75],[-4.25,2]],"v":[[-59.25,-54.5],[15.25,-61.25],[-11.25,-47],[-41.75,-29.25],[-1.25,-32],[26.25,-30],[-22,-0.25]]},"ix":2}},{"ty":"tm","bm":0,"hd":false,"mn":"ADBE Vector Filter - Trim","nm":"Trim Paths 1","ix":2,"e":{"a":1,"k":[{"o":{"x":0.167,"y":0.167},"i":{"x":0.833,"y":0.833},"s":[0],"t":14},{"s":[100],"t":100}],"ix":2},"o":{"a":0,"k":0,"ix":3},"s":{"a":0,"k":0,"ix":1},"m":1},{"ty":"st","bm":0,"hd":false,"mn":"ADBE Vector Graphic - Stroke","nm":"Stroke 1","lc":2,"lj":2,"ml":1,"o":{"a":0,"k":90,"ix":4},"w":{"a":0,"k":32,"ix":5},"c":{"a":0,"k":[1,1,1],"ix":3}},{"ty":"tr","a":{"a":0,"k":[0,0],"ix":1},"s":{"a":0,"k":[100,100],"ix":3},"sk":{"a":0,"k":0,"ix":4},"p":{"a":0,"k":[0,0],"ix":2},"r":{"a":0,"k":0,"ix":6},"sa":{"a":0,"k":0,"ix":5},"o":{"a":0,"k":40,"ix":7}}]}],"ind":2}],"v":"4.8.0","fr":60,"op":164,"ip":0,"assets":[{"nm":"","id":"comp_0","layers":[{"ty":4,"nm":"Shape Layer 1","sr":1,"st":0,"op":320,"ip":0,"hd":false,"ddd":0,"bm":0,"hasMask":true,"ao":0,"ks":{"a":{"a":0,"k":[0,0,0],"ix":1},"s":{"a":0,"k":[36.778,36.778,100],"ix":6},"sk":{"a":0,"k":0},"p":{"a":0,"k":[78,92.5,0],"ix":2},"r":{"a":0,"k":0,"ix":10},"sa":{"a":0,"k":0},"o":{"a":0,"k":100,"ix":11}},"ef":[],"masksProperties":[{"nm":"Mask 1","inv":false,"mode":"f","x":{"a":0,"k":0,"ix":4},"o":{"a":0,"k":100,"ix":3},"pt":{"a":0,"k":{"c":true,"i":[[0.661,2.682],[0,0],[-4.046,16.603],[0,0],[3.062,9.555],[12.242,12.879],[4.989,-0.295],[16.946,2.227],[8.499,2.369],[4.435,-1.486],[6.006,34.902],[9.964,-1.003],[3.242,-4.032],[-0.6,-5.137],[-3.992,-32.968],[5.284,-17.185],[0.326,-1.04],[0,0],[-2.788,-8.832],[-11.245,-12.515],[-1.392,-5.425],[0,0],[-2.228,0],[-0.416,0.107],[0.686,2.674],[0,0],[4.744,5.281],[11.142,35.304],[-2.179,6.959],[0,0],[-0.372,1.209],[-10.621,3.402],[-0.275,-2.215],[0.147,-0.192],[-2.168,-1.697],[-1.078,0],[-0.986,1.26],[5.358,43.221],[2.842,24.33],[-1.548,1.924],[-2.462,0.247],[-0.809,-4.706],[-6.582,-9.324],[-2.256,1.592],[1.592,2.256],[5.123,24.003],[-2.753,-0.758],[-0.331,-0.571],[0,0],[-1.834,0],[-0.718,0.359],[1.235,2.47],[0,0],[-1.466,-3.111],[-0.001,-0.003],[0,0],[0,0],[0,0],[0,0],[-1.969,0],[-0.621,0.255],[1.048,2.555],[0,0],[-3.525,-3.931],[0,0],[-3.319,-10.355],[1.985,-8.145],[0,0],[-4.471,-18.148],[0,0],[-2.247,0],[-0.402,0.099]],"o":[[0,0],[-4.088,-16.591],[0,0],[2.422,-9.935],[-3.633,-11.335],[-7.805,-8.661],[-3.243,-6.306],[-2.561,-3.686],[-4.388,-1.223],[-4.087,-19.966],[-1.696,-9.856],[-5.149,0.517],[-3.241,4.03],[2.392,20.475],[-16.829,3.538],[-0.366,1.192],[0,0],[-2.793,8.922],[11.708,37.099],[3.672,4.088],[0,0],[0.58,2.258],[0.411,0],[2.675,-0.687],[0,0],[-1.792,-6.978],[-10.705,-11.914],[-2.168,-6.871],[0,0],[0.33,-1.056],[3.921,-12.755],[0.302,2.467],[4.807,38.779],[-1.683,2.174],[0.914,0.716],[1.485,0],[0.707,-0.902],[-3.943,-31.813],[-0.287,-2.453],[1.549,-1.926],[4.752,-0.479],[9.606,55.82],[1.593,2.256],[2.256,-1.593],[-1.651,-2.338],[2.926,-1.213],[7.21,1.982],[0,0],[0.876,1.751],[0.752,0],[2.47,-1.235],[0,0],[8.249,4.192],[0.002,0.003],[0,0],[0,0],[0,0],[0,0],[0.793,1.934],[0.632,0],[2.555,-1.048],[0,0],[3.195,0.432],[0,0],[10.967,11.516],[2.5,7.799],[0,0],[-4.426,18.161],[0,0],[0.562,2.279],[0.396,0],[2.681,-0.661]],"v":[[158.386,222.596],[141.517,154.129],[141.454,103.389],[155.481,45.835],[154.501,16.043],[131.727,-24.378],[109.24,-33.505],[80.172,-55.681],[63.314,-68.713],[50.047,-68.306],[34.917,-149.995],[14.138,-165.79],[1.125,-158.737],[-2.97,-144.521],[8.775,-45.337],[-22.102,3.863],[-23.139,7.219],[-33.25,39.506],[-33.259,66.645],[10.307,142.794],[18.049,157.336],[35.423,225.035],[40.263,228.793],[41.509,228.635],[45.109,222.549],[27.735,154.85],[17.746,136.111],[-23.723,63.635],[-23.707,42.494],[-13.596,10.208],[-12.543,6.802],[9.993,-35.333],[10.861,-28.287],[1.011,30.165],[1.883,37.163],[4.961,38.225],[8.902,36.307],[20.785,-29.517],[6.962,-145.682],[8.917,-152.47],[15.136,-155.84],[25.062,-148.299],[54.083,-14.658],[61.051,-13.456],[62.253,-20.424],[52.117,-58.399],[60.586,-59.092],[72.867,-48.571],[81.32,-31.67],[85.796,-28.906],[88.029,-29.436],[90.264,-36.144],[86.668,-43.332],[100.794,-28.044],[100.797,-28.034],[101.872,-25.414],[102.192,-24.576],[102.219,-24.567],[108.363,-9.589],[112.991,-6.485],[114.887,-6.861],[117.615,-13.384],[113.501,-23.414],[124.332,-17.646],[124.434,-17.536],[144.979,19.096],[145.765,43.467],[131.738,101.021],[131.807,156.522],[148.676,224.988],[153.527,228.793],[154.727,228.647]]},"ix":1}}],"shapes":[{"ty":"gr","bm":0,"hd":false,"mn":"ADBE Vector Group","nm":"Rectangle 1","ix":1,"cix":2,"np":3,"it":[{"ty":"rc","bm":0,"hd":false,"mn":"ADBE Vector Shape - Rect","nm":"Rectangle Path 1","d":1,"p":{"a":0,"k":[0,0],"ix":3},"r":{"a":0,"k":0,"ix":4},"s":{"a":0,"k":[149.141,149.141],"ix":2}},{"ty":"st","bm":0,"hd":false,"mn":"ADBE Vector Graphic - Stroke","nm":"Stroke 1","lc":1,"lj":1,"ml":4,"o":{"a":0,"k":100,"ix":4},"w":{"a":0,"k":2,"ix":5},"c":{"a":0,"k":[0.4549,0.9922,1],"ix":3}},{"ty":"fl","bm":0,"hd":false,"mn":"ADBE Vector Graphic - Fill","nm":"Fill 1","c":{"a":0,"k":[0.1608,0.5451,0.6353],"ix":4},"r":1,"o":{"a":0,"k":100,"ix":5}},{"ty":"tr","a":{"a":0,"k":[0,0],"ix":1},"s":{"a":0,"k":[141.391,276.843],"ix":3},"sk":{"a":0,"k":0,"ix":4},"p":{"a":0,"k":[61.938,30.428],"ix":2},"r":{"a":0,"k":0,"ix":6},"sa":{"a":0,"k":0,"ix":5},"o":{"a":0,"k":100,"ix":7}}]}],"ind":1},{"ty":4,"nm":"Shape Layer 2","sr":1,"st":0,"op":320,"ip":0,"hd":false,"ddd":0,"bm":0,"hasMask":true,"ao":0,"ks":{"a":{"a":0,"k":[0,0,0],"ix":1},"s":{"a":0,"k":[91.694,91.694,100],"ix":6},"sk":{"a":0,"k":0},"p":{"a":0,"k":[98.5,92.688,0],"ix":2},"r":{"a":0,"k":0,"ix":10},"sa":{"a":0,"k":0},"o":{"a":0,"k":100,"ix":11}},"ef":[],"masksProperties":[{"nm":"Mask 1","inv":false,"mode":"a","x":{"a":0,"k":0,"ix":4},"o":{"a":0,"k":100,"ix":3},"pt":{"a":0,"k":{"c":true,"i":[[7.192,1.598],[2.75,-2.5],[-4.814,-7.341],[0,0],[0.182,4.894],[-5.226,0.793],[-0.919,-4.198],[0,0],[1.375,10.375]],"o":[[-9,-2],[-2.75,2.5],[5,7.625],[0,0],[-0.17,-4.568],[5.793,-0.879],[0.945,4.318],[0,0],[-0.416,-3.137]],"v":[[-10.375,-79],[-30,-75.375],[-33.375,-52.625],[-20.125,-43.625],[-20.979,-52.566],[-16.426,-64.351],[-10.054,-53.697],[-8.375,-44.688],[1.625,-64.75]]},"ix":1}}],"shapes":[{"ty":"gr","bm":0,"hd":false,"mn":"ADBE Vector Group","nm":"Ellipse 1","ix":1,"cix":2,"np":3,"it":[{"ty":"el","bm":0,"hd":false,"mn":"ADBE Vector Shape - Ellipse","nm":"Ellipse Path 1","d":1,"p":{"a":0,"k":[0,0],"ix":3},"s":{"a":0,"k":[33.336,33.336],"ix":2}},{"ty":"st","bm":0,"hd":false,"mn":"ADBE Vector Graphic - Stroke","nm":"Stroke 1","lc":1,"lj":1,"ml":4,"o":{"a":0,"k":100,"ix":4},"w":{"a":0,"k":0,"ix":5},"c":{"a":0,"k":[1,1,1],"ix":3}},{"ty":"fl","bm":0,"hd":false,"mn":"ADBE Vector Graphic - Fill","nm":"Fill 1","c":{"a":0,"k":[0.2392,1,0.9922],"ix":4},"r":1,"o":{"a":0,"k":100,"ix":5}},{"ty":"tr","a":{"a":0,"k":[0,0],"ix":1},"s":{"a":0,"k":[100,100],"ix":3},"sk":{"a":0,"k":0,"ix":4},"p":{"a":0,"k":[-16.853,-61.587],"ix":2},"r":{"a":0,"k":0,"ix":6},"sa":{"a":0,"k":0,"ix":5},"o":{"a":0,"k":100,"ix":7}}]}],"ind":2}]}]}